tweet,sentiment,polarity_score
"Kathleen Willey: Hillary is a fake feminist. A champion of women does not attack the victims of sexual assault and rape."" #WomenWhoVoteTrump ",neutral,0.0
RT  Hillary seen selling fake drugs in the hood #TrumpsFavoriteHeadline,negative,-0.5
RT  Clinton loss in West Virginia signals trouble in Rust Belt ,negative,-0.2
RT  BREAKING: Democrats Are Looking At Having Hillary Step Down!  ,negative,-0.19444444444444448
RT if you also think that  has done great service for the Americans exposing Hillary's corruption!  #FridayFeeling ,positive,1.0
"RT  Putin, David Duke, Birther, this is what is left of the Hillary campaign. Donald and the Deplorables 2016!",neutral,0.0
"MafiaBossTOOK JOB TO LINE HER POCKET Clinton struggled to fit in with Obama's White House, emails show via  ",positive,0.2
"MSM blames EVERYONE for Clinton's loss.  In fact, she lost only because of her own stupidity.  Stop being in denial. Grow some balls.  #MAGA ",neutral,0.0
RT  Step One: Go back in time to 2011 to stop Hillary and Obama from overthrowing Gaddafi.   She was PROUD of this.   Now t‚Ä¶,positive,0.4
How could she be so inattentive?? #WhatClintonWrites,neutral,0.0
#DEMDebate America will always remember hillary,neutral,0.0
RT  ‚ÄúLast night I congratulated Donald Trump and offered to work with him on behalf of our country.‚Äù ‚ÄîHillary,neutral,0.0
Hillary once again demonstrates she doesn't know what is hyperbole. #Debates2016 #Debatenight,neutral,0.0
RT  Margaret Sanger Fan Hillary Clinton Talks Race in Ferguson   - My American Thinker piece - https‚Ä¶,neutral,0.0
"We had 16 great Candidates, Trump won &amp; Hillary had nothing to offer but an extention of Obamas misery &amp;delusional success #LeftieFraudsters",positive,0.55
The only way these two and their cronies have silenced whistleblowers all this while...#LockHerUp #ClintonBodyCount ,neutral,0.0
"Clinton vows never to use American troops in #Iraq, #Syria  ",neutral,0.0
RT  The highlighted is for Hillary or trump trolls &amp; those who want to settle and don't want it called slavery$drudgery https:/‚Ä¶,neutral,0.0
Obama and the Clintons: Top Dems mingle on Martha's Vineyard  #politics,positive,0.5
RT RepStevenSmith: FLASHBACK: KKK endorsed Hillary. #Charlottesville #UniteTheRight ,neutral,0.0
"Live: Clinton, Sanders, O'Malley face off in second Democratic debate  #politics",positive,0.06818181818181818
"Analysis: Clinton, Trump tax plans are ""mirror images"" ",neutral,0.0
RT  #Clinton‚Äôs foundation pay for play-two favours for #Moroccan officials netted them $28 million  ,neutral,0.0
"Small town in America knows what is right. Hillary Clinton isn't too big for jail, she will fit there perfectly! ",positive,0.22261904761904763
#Clintons have been rigging the #CorruptMedia for years. #ClintonCorruption #NeverHillary  #Election2016 #Trum‚Ä¶ #TrumpForPresident,neutral,0.0
RT  As I've been sayinüëáthe Hillary/MSM attempt to make Trump a RUSSIANüïµAGENT is COMICAL! üòÇ Newt &amp;  agree! https:/‚Ä¶,positive,0.78125
"RT  #MAGA üá∫üá∏ #News from  | Day 198 #Hillary's #Hackers, #AwanBrothers Saga Deepens, Part 1  ",neutral,0.0
RT  #Gowdy - #HillaryClinton hater! Members of #Congress can keep firearms in their offices.     via ‚Ä¶,neutral,0.0
RT  Bernie Sanders Calls Bill Clinton‚Äôs White House Sex Scandal ‚ÄòTotally Disgraceful‚Äô. Enough!! #NeverEverHillary  ,neutral,0.0
"RT  . ""If you've ever dealt with the Clinton machine, you know it's always been about self-preservation."" #Hannit‚Ä¶",neutral,0.0
"RT  The Democratic establishment thinks Tim Kaine, Cory Booker, and Chelsea Clinton are the future. This is how out of touch‚Ä¶",neutral,0.0
"Clinton says private email was a mistake, says she's sorry  #politics",negative,-0.25
"Trump, Clinton aim to pad delegate lead in Western states  #politics",neutral,0.0
RT vbislands: InTheYear1611_ BarbMuenchen JaredoTexas This was the best night of my life seen Hillary supporters crying üò≠,positive,0.4
My teacher is Mrs. dog poo. She is Feces. No. My friend babysat is Obama shop and Metamucil Fart.  Hillary Clinton no way ,neutral,0.0
RT  . &amp;  stopped by Little Haiti- FL. last week. They weren't too happy w/ the Clintons! #MAGA https:‚Ä¶,positive,0.2708333333333333
RT  Press Told There Will Be 'NO Opportunities to Interview Hillary Clinton' via #dailysurge ,neutral,0.0
"RT  #Savage: Hillary‚Äôs ‚ÄòDeplorables‚Äô Are ‚Äòthe Backbone of America,‚Äô  ",neutral,0.0
"Sarah Sanders: ""Everything the Clinton campaign &amp; DNC were falsely accusing  of doing, they were doing."" ",negative,-0.4000000000000001
RT  Obama is silent on the NY/NJ terror bombings because the narrative makes Hillary look bad. Simple as that. ,negative,-0.23333333333333328
RT  #HillaryPickUpLines  Come on over I'll wear that blue dress that I wouldn't wear for bill.,neutral,0.0
#ChristmasAftermath Santa didn‚Äôt give Hillary a ‚Äòget out of jail‚Äô card,negative,-0.1
"Clinton Leads Trump in PA., FL. in Pre-Video WSJ/NBC/Marist Poll  #politics",neutral,0.0
"RT  ""It is pitchfork and torches time in America"" #TrumpPence2016  #NeverHillary ",neutral,0.0
RT  üòÇüòÇüòÇ Failed Obama blames Media for Hillary Clinton's LOSS on OVER COVERAGE of #Wikileaks ??#LeaksNotHacksBarry #Presscon‚Ä¶,negative,-0.5
"RT  CNN's Cuomo Grills Trump Surrogate On ""Hypocrisy"" Behind Trump's Attacks On Clintons ",negative,-0.4
RT  You should be in jail #CrookedHillary ,negative,-0.1
#ILoveHillary #IloveObama Sweet 16 for Hillary! #JebWeCan #Clinton2016,positive,0.4375
RT  Romney Wanted 2 Defund Hillary's #PlannedParenthood Baby Body Chop Shop:  #DefundPP ,neutral,0.0
#IfHillaryBecomesPresident flash tattoos always on discount ,neutral,0.0
"Hillary Clinton is a threat to our soldiers, a threat to our peace and a threat to our security. ",neutral,0.0
RT  From Whitewater to Benghazi: A Primer on Bill and Hillary Clinton Scandals - The Atlantic ,neutral,0.0
RT       oops Hillary is the racist ,neutral,0.0
RT  Hillary Put Syrian Refugees Over Black Voters Best Interest Who Vote Liberal 93%   #MAGA #41 ,positive,0.4166666666666667
Hillary Clinton: Obama 'Doesn't Get the Credit He Deserves': Hillary Clinton threw President Obama an olive branch Monday. ,neutral,0.0
#politics Trump: Clinton Was 'Nasty Enabler' of Husband's Affairs,negative,-1.0
It would be GREAT to have a woman in the White House. Just not this one #HillaryNoThnx,positive,0.4
"RT  New Bloomberg poll, all post-Comey, finds Clinton leading Trump among independents by four points ",positive,0.13636363636363635
RT  Roger Stone Breaks Down Why Hillary Is Pushing Trump Election Recount   Full...  by #RogerJStoneJr‚Ä¶,positive,0.0972222222222222
So you love the fact that the Crooked Clintons used  charity cash for  wedding instead of poor Haiti kids?! ,neutral,0.0
RT  Sen. Warner is claiming Russia gamed Google's algorithm to help Trump. The exact opposite happened. Google helped Hillary‚Ä¶,positive,0.125
RT  The day after Trump gets elected it'll be time to take out the trash! #NeverHillary #MAGA üöÇüí®üí®üí®üá∫üá∏ ,neutral,0.0
RT  #DishonestMedia CNN Alters Trump Tweet By Scrubbing 'Crooked' Moniker to Describe Hillary #CrookedHillary  ,neutral,0.0
RT  WAKE UP AMERICA ... Clinton Goal is NWO At ANY COST‚ÄºÔ∏è  Wikileaks Reveal Clinton Ties To Rothschilds And Occult Cabal htt‚Ä¶,neutral,0.0
Hillary may cancel her debate appearance on Monday. I wonder why.... ü§îü§îü§î ,neutral,0.0
". It's time to investigate Podesta and his brother, as well as Hillary Clinton! RT if you agree! ",neutral,0.0
#politics Hillary Clinton Slams Trump In Front of His Casino,neutral,0.0
"#TopNews Challenged by Republicans, Clinton defends her Benghazi record",neutral,0.0
RT  Hillary Clinton wants to bring more Muslims to our country. Vote for Donald Trump!,positive,0.4125
RT  Whoa: L.A. Times tracking poll has Trump up by 5.9% nationally! #NeverHillary #TrumpPence2016  ,neutral,0.0
RT  Stronger Together. -Jake Fuller cartoon  #TCOT #LNYHBT #TGDN #OhHillNo #NEVERhillary #MAGA ,neutral,0.0
.  You call this a majority for #CrookedHillary?! ,neutral,0.0
"The Faces of Arrogance. Come on America, is This What You Really Want? #Corruption #NeverHillary ",positive,0.2
Why Nina Turner's shift from Hillary Clinton to Bernie Sanders matters: Ohio Politics Roundup: Nina Turner is fe...  #Cleveland #politics,neutral,0.0
"""What's going on with Hillary Clinton ‚Äì there is no justice in this country. Zero."" ~ Donald Trump  #DrainTheSwamp ",neutral,0.0
RT  MT  #GunRights are one of #Hillary's primary targets! #NeverHillary #NRA #2ADefenders ,positive,0.5
"RT  If you think tying a cherry stem in a knot with my tongue is impressive, wait until you see my SuperPAC. #HillaryPickUpLines",positive,1.0
"#TrumpBecause we don't want another drunk Joe Biden, Progressive Hillary Clinton or Liberal Jeb Bush in our White House! #Trump2016",negative,-0.25
RT  Hillary Clinton #MustBeBanned from entering the USA,neutral,0.0
In the battle for Hollywood endorsements - and cash - Clinton rules  #life,neutral,0.0
10 things I hate about Monica #MakeAMovieHillary,negative,-0.8
RT  Hillary claiming an investigation into Uramium One is an abuse of Justice is like Al Capone claiming Elliot Ness was ha‚Ä¶,neutral,0.0
RT  Fmr Deputy FBI Director 'The Clintons are a crime family‚Äô - Allen West Republic ,neutral,0.0
RT  ü§ï#SICKHILLARY ü§ï#LYINGHILLARY ü§ïNOT PNEUMONIA ü§ïSEIZURES NOT NEW ü§ïMED RECORDS ü§ï#HillarysHealth  ü§ï#BasketOfDeplorables https:/‚Ä¶,negative,-0.06818181818181818
Mainstream Media Hides Ongoing Hillary Backlash Within #DemConvention  ,neutral,0.0
RT  #DNCinPHL has started so as our game! Let's imagine #IfHillaryBecomesPresident and have fun! ,negative,-0.0625
RT  What the Old Media won't tell you. Hillary Approved Sending Sarin Gas to Syria. #IdiotDems #SyriaGasAttack #MSM ,positive,0.1
RT  BREAKING: TRUMP ATTACKER and Hillary Supporter ‚Äì Has HIS DEAD GRANDMA VOTING at His Reno Address 6 times by mail ,negative,-0.2
Beast and the Beast #MakeAMovieHillary,neutral,0.0
"The results of Obama &amp; Hillary's Interventionism: Iraq, Libya, Yemen, Syria #Aleppo  Nation building at its finest! ",neutral,0.0
One fact about Hillary Hillary was fired from the Watergate investigation for lying and unethical behavior in 1974 ,neutral,0.0
RT  Clinton Wrong: Supreme Court Says 'Stop-and-Frisk' Is Constitutional - Breitbart  via ,negative,-0.5
Hillary Clinton has no rights to be a candidate. She should be in prison! And hordes of mindless liberals won't save ,negative,-0.2
 This has gone way out of control. keep her our of the White House #NeverHillary Sign this petition  ,neutral,0.0
RT  Both Women Suddenly Accusing Trump Of Sexual Assault Are Hillary Clinton Supporters And Donors  via ,positive,0.25
"RT  NC Elon: Clinton +1, Last poll in late September was Clinton+6 ",negative,-0.15
#HillaryClinton struggles to stand while abruptly leaving 9/11 memorial #MedicalEpisode ,negative,-0.125
RT  Kaine keeps getting creepier #KaineWreck #kaineTheKlown #KaineMostAnnoyingPolitician #NeverHillary #TrumpPence16 #TrumpTrain‚Ä¶,neutral,0.0
Clinton takes most campaign cash from the drug industry -- her ‚Äúenemy‚Äù? #HillaryForPrison ,positive,0.5
RT  Come here or I'll break your dick off #HillaryPickUpLines,neutral,0.0
"RT  Navy sailor‚Äôs ‚ÄòHillary' defense fails, gets one year in prison - NY Daily News  #VPDebate  ",negative,-0.25
Clinton presses for debate before New Hampshire primary  #politics,positive,0.2681818181818182
RT  Hillary Clinton docs reveal that #Saudi and #Qatar funded ISIS ,neutral,0.0
RT  #CashinIn    Hillary will never submit to an independent health exam. You don't have to be an MD to see she‚Ä¶,neutral,0.0
RT  #HillarySoQualifed she actually has a strategy for governing. ,neutral,0.0
"Dismayed 'Values' Voters, Fearful of Clinton, Learn to Live With Trump  #politics",negative,-0.38181818181818183
RT  Voting For Hillary  #LostIn3Words,neutral,0.0
RT  #BillClinton #HillaryClinton #ClintonFoundation raked in $10bn &amp; built 6 houses in #Haiti betraying the #Haitians: https:/‚Ä¶,neutral,0.0
#INeedALawyerBecause I can't stand working among Hillary and Trump supporters,neutral,0.0
"Deputies recover body from Clinton River Spillway: Body identified as Gregory Allen Wilson, 54¬†¬†¬†¬†¬†¬†¬†  #breaking",neutral,0.0
Bill Clinton to headline fundraiser in #Seattle on Friday for #HillaryClinton  ,neutral,0.0
New Reuters Poll Shows Bernie Sanders Taking National Lead #BernieOrBust is sweeping the nation!  #NeverHillary  ,positive,0.17045454545454544
Clinton asks State to release emails  #politics,neutral,0.0
RT  üí§#LowEnergy #HillarysHealth üí§ Kurtz: Clinton Press Conference Performance Was 'Extraordinarily Low Key'  ,neutral,0.0
RT  Hillary Clinton‚Äôs top five VP picks:  ,positive,0.5
RT  Communist countries that offer political asylum for scumbags.  #ThingsHillaryGoogles,neutral,0.0
"RT  RELEASE: Hillary Clinton's Private #GoldmanSach's Paid Speechs - full transcripts, see ""attachments"" tab at top ",positive,0.2833333333333333
"RT  . destroyed evidence under Congressional subpoena, lied about it... again #NeverHillary ",neutral,0.0
#FBI tracking path of classified email from State Department to #HillaryClinton ,neutral,0.0
RT    The statue of liberty crying?  Must have heard HILLARY may be running for mayor of New York,negative,-0.03181818181818183
"RT  #HillaryClinton, from a podium with the official US presidential seal, held her final rally in #Philadelphia, PA ",neutral,0.0
"RT  Trump is doing a rally at 12:30 eastern on Saturday night. Guarantee Hillary is sleeping, like during Benghazi!",neutral,0.0
Martha Stewart went to jail for lying to the FBI one time  Hillary Clinton did it - 39 times  #PodestaEmails10 #BillyBushMadeMeDoIt ,negative,-0.1
James Comey was right to send Clinton letter: Darcy cartoon  #politics,positive,0.2857142857142857
RT  Be the voice for these 4 men that Hillary left for dead. #Benghazi #ElectionDay ,negative,-0.1
"Hillary takes some blame, lashes out in new book: Does it still matter? ",positive,0.13636363636363635
"15,000 Newly Discovered Hillary Clinton Emails  Perjury &amp; Obstruction?  #HillarysEmails ",positive,0.13636363636363635
RT  Hey maybe #PresidentTrump Can you give #CrookedHillary a job? He can make her the ambassador to Libya... üòé,neutral,0.0
#politics Clinton faulted on emails by State Department audit,neutral,0.0
RT  üí•üí• NATIONAL SECURITY   In my opinion #HillaryClinton herself is perhaps the biggest threat to National SecurityüíÄüíÄüíÄ ,neutral,0.0
#politics N.C. man‚Äôs obituary asks voters to reject Hillary Clinton,neutral,0.0
RT  #IfHillaryBecomesPresident Fire and brimstone coming down from the skies! ... Rivers and seas boiling! ... dogs and cats liv‚Ä¶,negative,-0.24305555555555558
"RT  If this test is confirmed, it will be just the latest example of the failed Obama-Clinton foreign policy. (3/5)",positive,0.06875
RT  üí•#Hillary ignored over 600 security requests from #Benghazi  üëâThen wiped #HillarysEmails  ‚ò†She REFUSED 2 helpüá∫üá∏  ü§îWhy campai‚Ä¶,neutral,0.0
"RT  Roberts didn't want to deny Democrats ACA. Comey/DOJ didn't want to deny Hillary the WH. The media should be outraged, they‚Ä¶",negative,-0.9
RT  #GrowingUpWithObama is the worst thing ever happend to America is #MoreTrustedThanHillary,negative,-1.0
"RT  Hillary believes she ""was on the way to winning,"" which she must think is in the opposite direction of Wisconsin ",positive,0.25
RT  I TOLD YOU ALL ! ! ! üòÄ üòâ üëÖ üëç   #HillaryEmails #Trump #MAGA Huma Abedin Anthony Weiner ,neutral,0.0
"Clinton focuses on general, while Sanders sticks to script  #Texas",positive,0.05000000000000002
"A president can sometimes offend people, but Hillary's deadly mistakes should take her out of the race. ",negative,-0.2
"RT  Yes, Dems worried about Hillary being too out of touch are gonna rally around Bloomberg. Come on, people.",neutral,0.0
"RT  #MAGA üá∫üá∏ #News from  | Day 199 - #Hillary's #Hackers, #AwanBrothers #BP Bridges  Part 2  cc:   ",neutral,0.0
RT  NYPD Betrays FBI: Says Seized Laptop Shows Clinton Covered Up Weiner‚Äôs Child Sex Crimes ,neutral,0.0
"Hillary's #climateofhate:  ""F‚Äîk this flag"": Anti-Trump protester antagonizes vet daughter outside DC hotel opening  ",neutral,0.0
RT  #Debate #Iamwithher #StrongerTogether #Rigged #VoterSuppression Welcome to the UNDemocratic party #NeverHillary  https‚Ä¶,positive,0.8
"RT  Wisconsin #Recount Day6  Trump 880,796  (53.2%) Clinton 775,887 (46.8%)  #ElectionDay Trump 1,404,440 (50.4%) Clinton 1‚Ä¶",neutral,0.0
#HillaryClinton says #BaltimoreRiots shows justice system 'out of balance'. Everyone should be respected by the law ,neutral,0.0
RT  VIDEO: Judicial Watch just caught the FBI hiding 30 Lynch-Clinton tarmac meeting documents! ,neutral,0.0
"RT  WTF?  Hillary wants to fund Iran's TERRORISM so that it can gain ""Hegemony"" in MID EAST!    #Pode‚Ä¶",negative,-0.09999999999999999
"RT  Seriously, who sent this tacky photo of  I had to tweet?   #NeverHillary ",negative,-0.3333333333333333
RT  Where does this pirate wanna see Hillary Clinton?  #TalkLikeAPirateDay ,neutral,0.0
#politics De Blasio endorses Hillary Clinton for president,neutral,0.0
"RT  How Hillary Doomed Her 'Inevitable Presidency' -Book is tough read but gives amazing insights, including on Bernie. http‚Ä¶",positive,0.0703703703703704
RT  Hot new #WIKILEAKSDUMP! Hillary admits she's . OUT OF TOUCH! BRAGGING ABOUT THE FORTUNES HER HUSBAND AND HER NOW ENJOY!!#PAC‚Ä¶,positive,0.23153409090909088
"RT  #TrumpStrong Ya right, After  ~~&gt; #SorosRiots &amp; #HillaryRiots don't think U assfucks R getting anywhere near the White‚Ä¶",positive,0.19285714285714284
"RT  Hillary Clinton Reportedly Considering Launch of Liberal TV Show. What an IDIOT! Haha ""Bad Judgement"" -Donald Trump  h‚Ä¶",negative,-0.5
"Clinton, Pence, Kaine, Romney to visit Valley ",neutral,0.0
"RT  Hillary attempts a snarky dig at President Trump over 9th Circuit ruling, and it couldn‚Äôt have gone worse ",negative,-0.4
"RT  #RubioCrimeSpree Covered up an ambassador's pedophilia just to avoid a scandal. Got me, that was Hillary too #tcot http:‚Ä¶",neutral,0.0
RT  Lack of daily news concerning oligarchic nepotist Chelsea Clinton causes anxiety and panic for millions across United States.,neutral,0.0
RT  DNC Chair candidate Perez Gave Clinton Donors Huge Tax Breaks #p2 #1u #PDA #uniteblue #BERNIEorBUST #VTpoli ,positive,0.4000000000000001
RT  A suggestion  for your next cover.  #PodestaEmails15 #NeverHillary  ,neutral,0.0
RT  How old is Hillary? Did she ever vacation in the Swiss Alps?  ,positive,0.1
"RT  #ThingsMoreTrustedThanHillary  Barack Obama saying, ‚ÄúIf you like your doctor, you can keep your doctor.‚Äù",neutral,0.0
The Wizard of Hi #MakeAMovieHillary,neutral,0.0
RT  Hillary HONORS THUG BREEDING MOMS NOT MILITARY HERO MOMS ,positive,0.05
#politics Hillary Clinton keeps calm as she fields Benghazi questions,positive,0.30000000000000004
#politics Clinton Calls 11-Hour Benghazi Testimony a 'Pretty Long Day',positive,0.1
RT  MT  Hillary Blabbed Murdered Ambassador's Stevens Movements In Emails.  #OhHillNo #PJNET ,neutral,0.0
RT  . on Possible New Special Counsel: Clinton 'Put Us At Risk By Selling a Quarter of US Uranium' ,positive,0.1645021645021645
Clinton and Trump React to Tragedy in Dallas  #politics,neutral,0.0
"RT   you are a paid democrat operative  he needs to disclose his ties to the DNC, Clintons and CF. #CNN fake &amp; drop‚Ä¶",negative,-0.5
#politics Clinton: 'I had a pretty long day yesterday',positive,0.1
"'#SickHillary refuses to answer question about concussion, walks away. #LaueringTheBar  ",neutral,0.0
"RT  Trump doesn't just live in these people's head, he has built a tower. They say his name more than Hillary's.",positive,0.3181818181818182
RT  No surprise hear CNN give crooked Hillary top marks for debate pathetic biased coverage CNN,negative,-0.16666666666666666
#Clinton outspends all rivals in building campaign juggernaut. She's really good at spendings! ,positive,0.875
"Clinton's ideas on race draw applause, protest on same day  #politics",neutral,0.0
RT  will AG Lynch be questioned on this bombshell she obstructed justice?  #comeyday #comeyhearing #Fraud #Obama #Hillary http‚Ä¶,neutral,0.0
RT  #HillaryClinton. Will. Never. Be. President. #Never #NotEver ,neutral,0.0
RT  Michelle Obama torches Hillary Clinton. üî•üî•üî• ,neutral,0.0
RT  NEW #polls  7/19 ‚ñ†ECONOM: Clinton +4 ‚ñ†CNN: C +7 ‚ñ†NBC: C +5 ‚ñ†REUTERS: C +12 ‚ñ†ABC: Clinton +4 ‚ñ†AP: Clinton +4 ‚ñ†RASMUSSEN:‚Ä¶,positive,0.13636363636363635
The Clintons and Their Balloons: A Love Story  #politics,positive,0.5
RT  Hillary Clearly Lives Above The Law - Patriot Tribune ,positive,0.05000000000000001
RT  BREAKING: WARRANT JUST ISSUED FOR HILLARY CLINTON‚ÄôS TOP AIDE HUMA ABEDINS EMAILS #TrumpStrong #MAGA3X #draintheswamp https:‚Ä¶,positive,0.5
"RT  Part of the CLINTON CRIMINAL ENTERPRISE, must be stopped #StopCriminalClinton   2016 ",negative,-0.4
Sanders' West Virginia win makes up little ground on Clinton ,positive,0.30625
RT  Judge Jeanine ‚Äì Black Dems Go To Prison For Less Than Clinton Crimes  ,negative,-0.16666666666666666
Orion Township students test Clinton River water quality in Rochester Hills  ,neutral,0.0
RT  I wonder how long before #ZombieHillary blames the #NYCExplosion on Putin  -  and that cartoon frog.,negative,-0.05
"RT  Here's a super genius who didn't learn a single damn thing from team Obama/Hillary/CIA's ""A YouTube video did it!"" scam‚Ä¶",positive,0.12202380952380952
RT  Obama/Hillary doubled the debt &amp; will pass it on to our children (RINO Rep. you to) -- pathetic ,negative,-1.0
RT  Double trouble? IRS lawyer now heads Clinton email production ,negative,-0.1
#DNCinPHL has started so as our game! Let's imagine #IfHillaryBecomesPresident and have fun! ,negative,-0.0625
Clinton jabs Trump in first major post-election speech  ,positive,0.15625
‚ÄòWill &amp; Grace‚Äô stars reunite for pro-Clinton video  #news,neutral,0.0
"RT  ""We Got Played"" WE the People Got ""PLAYED""  By CNN Endorsement &amp; Promotion of OBAMA &amp; Clinton. Now it's OUR Turn ! http‚Ä¶",neutral,0.0
#ImVotingBecause #TrumpPence16  is 100 times better for our country than Hillary ever WAS.  #TrumpForPresident,positive,0.5
RT  My Poor Little Rich Girl column on Chelsea Clinton &amp; her media cheerleaders in  today:  h‚Ä¶,negative,-0.07083333333333335
RT  6 precincts flipped a coin to assign a delegate. Hillary won all. if Bernie had got 50% he'd have won  ,neutral,0.0
"In Bucks stop, Pence hails new FBI probe into Clinton emails ",positive,0.13636363636363635
"RT  Your name is Bill? No, I only like Dollar Bills. #HillaryPickUpLines",neutral,0.0
RT     Poll: Trump leads Clinton by 2 nationally ,neutral,0.0
"RT  Linda Tripp Reopens Vince Foster, Travelgate, Whitewater Scandals! #HillarysScandals  ",neutral,0.0
RT  WATCH: Hillary Says She Can‚Äôt Be Investigated Because It‚Äôs An ‚ÄòAbuse Of Power‚Äô ,neutral,0.0
"RT  #ThingsHillaryGoogles My top 5 achievements: #Google: 404 Error: ""Nothing Found""",positive,0.5
RT  Clinton has not been seen in public since Wednesday. WHERE IS SHE? ,neutral,0.0
RT  Bill Clinton trolls Trump: 'We just learned that the Clinton Center has been bugged' #TCOT #WakeUpAmerica ,negative,-0.1
Same for Hillary. ,neutral,0.0
RT  TRAVELGATE and more to come! Don't let corruption WIN!  Indict Hillary Nov 8th! ,positive,0.8125
RT  WATCH: Hillary Clinton saying in 2000 that She doesn't like emails because you can't hide it from investigators. ,neutral,0.0
RT  #ThingsMoreTrustedThanHillary presents from strangers,neutral,0.0
RT  United Snakes of America #HillaryForPrison #ObamaForPrison #SorosForPrison ,neutral,0.0
RT  How many shots before the next #ClintonCollapse....   #DrunkerHistory ,positive,0.25
RT  It's Official: Clinton's Popular Vote Win Came Entirely From California ,positive,0.4666666666666666
#ThingsIWontBelieve Hillary couldn't help our people in Benghazi,neutral,0.0
RT  Appeals court says probe into Clinton emails was not sufficient; invites Trump‚Äôs AG to revive scandal ,neutral,0.0
The Latest: Bill and Hillary Clinton hold joint appearances  #politics,positive,0.5
RT  Second presidential #debate:  Follow  for live updates #TrumpVsClinton  ,positive,0.06818181818181818
RT   Where was the #MSM when #CrookedHillary didn't hold a press conference for MONTHS?,neutral,0.0
Hillary Clinton to hold campaign rally at CMU  #local,neutral,0.0
Boehner: Obama needs Clinton on trade  #politics,neutral,0.0
RT  Russian Bank Documents Indicate Hillary Clinton &amp; John Podesta Should Answer About Their Ties to Russia ,neutral,0.0
Clinton criticizes House GOP budget plan  #politics,neutral,0.0
Trump's son met Russian lawyer after promise of information on Clinton: NY Times ,neutral,0.0
RT  #Clinton #Foundation $20 #million mystery... ,neutral,0.0
#politics Clinton to speak on Rosa Parks arrest at Alabama church,negative,-0.05
RT  Hillary Bots are out in Full Force. Do not let these pathetic paid trolls silence you! Keep speaking out. We got this! #MAGA #d‚Ä¶,negative,-0.325
"In a year of outsider angst, Clinton seeks inside lane  #politics",neutral,0.0
#politics Political Blotter: GOP blasts Hillary Clinton for donor with Solyndra ties,neutral,0.0
"RT  When Hillary faces Big Legal trouble, medical ailments appear. Passed out hit head: Can't testify on Benghazi. Uranium‚Ä¶",neutral,0.0
RT  Chelsea Clinton: I Left the Church When I Was 6 Because It Opposed Abortion  ,neutral,0.0
RT  PRESIDENTIAL Giuliani: I would indict Clinton Foundation as 'racketeering enterprise'. Do you agree?  #ma4t  ,neutral,0.0
RT  SOURCE CONFIRMS HILLARY'S 911 COLLAPSE STAGED  via ,neutral,0.0
RT  'Hillary is such a hack': The Clinton campaign is now the self-proclaimed 'champion' of fast food workers ,positive,0.1
Hillary Rodham Clinton #WorstPainEverIn3Words ,neutral,0.0
RT  Ryan Lochte at a gas station. #ThingsMoreTrustedThanHillary,neutral,0.0
#politics Live updates from Hillary Clinton‚Äôs visit to Seattle,positive,0.13636363636363635
RT  The one thing Hillary is truly GOOD at...insulting voters. #tcot  ,positive,0.7
Man's obituary: 'Do not vote for Clinton'  #politics,neutral,0.0
"RT  Is there a ""Plan B"" to keep Obama in office or hand it to Hillary if Trump wins?  Some think so... ",positive,0.3
You protesters think  will make change.  It will never happen. #PresidentTrump will make real change and #MAGA! #NeverHillary ,positive,0.25
"RT  Oh shit, Evelyn Farkas was working for Hillary when she was involved with the political spying on Trump camp and leaks‚Ä¶",negative,-0.1
RT  Five Clinton aides received immunity deals in FBI probe -  #PolicticalNews #ConservativeNews,neutral,0.0
RT  Wolf Blitzer Lied on #FakeNews  Said Trump Dossier Paid for By Republicans to Cover Up for Hillary Clinton https:‚Ä¶,neutral,0.0
"RT  FACT: Mark Penn, Hillary's 2008 chief campaign strategist, wrote a strategy memo laying foundation for birtherism. ",neutral,0.0
BREAKING: Clinton directed her maid to print out classified materials  #LockHerUp #IfICouldChangeHistory   ,neutral,0.0
"RT  ""Spicer: There‚Äôs More Evidence CNN Colluded With Clinton Than Trump With Russia"" #mustread #feedly ",positive,0.5
The Latest: Clinton proposes cap on family child-care costs  #business,positive,0.5
America will have its #Changexit on Tuesday Nov. 8 #ClintonXit #VoteTrump and #MAGA  #TrumpForPresident ,neutral,0.0
RT  üö®FBI's Andrew McCabe (who's wife was sent $700K by Clinton/McAuliffe) may be handling the Russia probe. Corruption.üö® h‚Ä¶,neutral,0.0
RT  Gonna be a good time but those saying she's gonna crucify me also insisted Hillary would win the election so... #TomiChelse‚Ä¶,positive,0.75
Is Hillary Clinton as accessible to media as her campaign says?  #politics,positive,0.375
"RT  Trump: Clinton 'Divides People Into Baskets As Though They Were Objects, Not Human Beings'  https:/‚Ä¶",neutral,0.0
RT  #ThingsMoreTrustedThanHillary one of those  weird fucks who don't like doritos,negative,-0.5
#TimeTravelerProblems Hillary still running for president...(2008),neutral,0.0
"#ILoveHillary #IloveObama Too many bushes on the field, sorry #JebWeCan #Clinton2016",neutral,0.0
RT  We are proud Deplorables &amp; we're not gonna take it anymore Hillary ! #Deplorables #LesDeplorables #CrookedHillary ,positive,1.0
RT  WaPo Poll Reveals Trump Would Still Beat Clinton By 43%  ,neutral,0.0
RT  BREAKINGüö® Wikileaks proves #ObamaKnew that Hillary Clinton was using a private email server but he lied to all of us!  Spread‚Ä¶,positive,0.15
"In Everett, Clinton pledges to use ‚Äòbully pulpit‚Äô to defend workers‚Äô rights  #local",neutral,0.0
Hillary Clinton couldn't care less about Americans. Vote for her is vote against people! #IndictHillary ,negative,-0.20833333333333331
RT    Did you lecture Hillary for calling black youth super predators that needed to  heel  https:‚Ä¶,positive,0.08333333333333333
Sanders Not Being Vetted For Clinton VP Pick: WSJ  #politics,neutral,0.0
"RT  ""*HUGE* - Clinton Foundation fought to keep affordable generic AIDS medication OUT OF THE US TO PROTECT BIG PHARMA"" https:/‚Ä¶",positive,0.13333333333333336
"Hillary not only stole property when she left the WH, she stole public records from State Dept.- thief and a liar!  ",neutral,0.0
RT  #makemehateyouinonephrase  Hillary is the most qualified person to ever run for president...,positive,0.5
"Leaked emails: Clinton allies pondered polling in 2008 on rumors about Obama‚Äôs cocaine use, his fat...  #politics",neutral,0.0
RT  VINDICATED Fmr HuffPost Writer: We Are Being Gaslighted- Hillary‚Äôs Health is Horrific  #ac360 #nyc‚Ä¶,negative,-1.0
RT  #Hillary's Supporters WILL BELIEVE ANYTHING SHE TELLS THEM! #HillaryLIes #ProsecuteHIllary #ImprisonHillary #tcot https:‚Ä¶,neutral,0.0
RT  #ThingsMoreTrustedThanHillary the Trojan Horse,neutral,0.0
RT  Hillary and Kaine believe in the 2nd Ammendment like they believe in the tooth fairy. #WhatILearnedToday ,neutral,0.0
RT  Hillary will vet refugees exactly how she vetted #AliciaMacado!  Let this sink in!  #TRUMP #MAGA #NeverHilary   ,positive,0.390625
RT  #ThingsThatDisturbMe are things like the possibility of having Clinton as my President. #HillaryForPrision,neutral,0.0
"RT  According to his father, 2 weeks before his murder #SethRich started working for Hillary Clinton",neutral,0.0
"Unlike #CrookedHillary,  is willing to go through ""hell"" to #MakeAmericaGreatAgain! ",positive,0.3125
RT  Hillary Clinton mum on Fusion GPS scandal as Dems' dossier denials pile up  ,neutral,0.0
"RT  Delta CEO on ""Hillary Bitches"" Trump-supporting passenger: ""He will never again be allowed on a Delta plane."" ",neutral,0.0
"RT  Dems Forget Epitome of ""Obstruction of Justice"" was Clinton and Lynch  #TrumpTrain #MAGA #Trump",neutral,0.0
RT  One of Clinton's campaign worries? That her bid would crowd out close friend Joe Biden: ,neutral,0.0
"So when a Hillary supporter (democrat) terrorist kills 49 gays, you blame Republicans?  #LiberalLogic ",neutral,0.0
RT  Hillary Lawyers Face Bar Sanctions Over Deletion of Clinton Emails  ,neutral,0.0
RT  ‚ÄòShe Said She Was A Leader‚Äô: Liz Cheney Dismantles Lanny Davis‚Äô Spaced-Out Attempt To Turn Hillary Into A Victim  http‚Ä¶,negative,-0.07500000000000001
RT  Perry Was Right About FBI Director James Comey: Clinton Foundation Connection  via... by  v‚Ä¶,positive,0.2857142857142857
"#politics On stage and off, Clinton-Sanders contest turns testy",neutral,0.0
RT  PAY TO PLAY POLITICS.  #CrookedHillary ,neutral,0.0
RT  HILLARY &amp; LIBERAL MSMs LOOK STUPID PLAYED LIKE A FIDDLE üéªüéª EVERYONE KNOWS HER CAMPAIGN STARTED BIRTHER ISSUE IN 2008 ht‚Ä¶,negative,-0.7999999999999999
#PodestaEmails34 just happened. Get to digging! #MAGA #draintheswamp #HillaryForPrison #TrumpForPresident,neutral,0.0
"Clinton, Trump exchange racially charged accusations  #politics",neutral,0.0
RT  Only lobbyists &amp; special interests will get richer undr Clinton. #WakeUpAmerica #TrumpPence16 #DeplorableLivesMatter https‚Ä¶,positive,0.17857142857142858
"RT  ""I carry 2 phones to sext. Or because I don't know how phones work. You decide.""  #HillaryPickUpLines",neutral,0.0
"RT  All you Libs who call Trump hitler and a Nazi, meet George Soros the guy funding the women's March.Hillarys backer. ",neutral,0.0
Hillary Clinton has a huge experience in foreign policy. She and Bernie speak about the same thing with different words #DemDebate,positive,0.06875000000000002
RT  Did Webb Hubble Just Inadvertently Admit to Being Chelsea Clinton‚Äôs Biological Father? ,neutral,0.0
#SometimesItsOkTo Vote for Hillary. For example if you're going to die of cancer soon and you hate every single motherfucker in this country,negative,-0.4357142857142857
Gun control debate draws voters‚Äô attention in Mich.: Hillary Clinton and Bernie Sanders exchange fir...  #breaking,neutral,0.0
FBI to soon release documents related to Clinton email probe  #politics,neutral,0.0
"RT  . ‚ÄúHillary Clinton tried to have a Russian Reset, why can‚Äôt the  administration?‚Äù #Dobbs #MAG‚Ä¶",neutral,0.0
"Clinton, Sanders make all-out blitz in California primary  #politics",positive,0.4
What difference does it make? #5WordHorribleIceBreaker #HillaryForPrison2016 #TCOT ,neutral,0.0
"The airplane is already big, but #LyinCrookedHillary still can't fit comfortly inside!  #NeverHillary ",positive,0.25
While     and others produce #FakeNews to try help   #DishonestMedia #CrookedHillary ,neutral,0.0
RT  Clinton would be fired for being caught having sex at work but he served out his term and is the Democrats' super surrogate‚Ä¶,positive,0.3333333333333333
Clinton Clarifies Remarks on Fight Against ISIS: Democratic presidential candidate Hillary Clinton said the United States h...  #politics,neutral,0.0
RT  Hillary Clinton Celebrates Trump‚Äôs Loss In Court With A Three-Character Tweet ,neutral,0.0
RT  LOL  Bernie Sanders in Ann Arbor: Clinton is 'far and away' the superior choice   ,positive,0.5333333333333333
#politics Sanders Within Striking Distance of Clinton for Ind. Primary,positive,0.45
RT  #Latest  Electoral Map (270 EV Needed):  Trump 243 Clinton 242  ,positive,0.5
RT         Hillary said as much: ,positive,0.2
Clinton slaps GOP with pro-vaccine tweet  #health,neutral,0.0
RT  #ThingsMoreTrustedThanHillary =   #ThingsMoreTrustedThanTrump =  ...everything,neutral,0.0
"RT  We eliminated Hillary from having any influence on U.S. politics, now it's time to pop the zit that is George Soros. http‚Ä¶",neutral,0.0
Sanders Says He Looks Forward to Meeting With Clinton  #politics,neutral,0.0
RT  If it helped Hillary it would be super undeservedly.  ,positive,0.016666666666666663
"RT  A BLIND guy stumbles into a bar &amp; says, ""Ya wanna hear a blonde joke?‚Äù  Hillary Clinton says, ‚ÄúBefore ya tell it, you sh‚Ä¶",negative,-0.25
". How the hell is #CrookedHillary the ""people's president?!""  Throughout her career, she only fought for herself.",neutral,0.0
RT  Plenty of people never wanted Trump. Still don't. But keep calling them Trumpkins because they won't vote Hillary or McMulli‚Ä¶,neutral,0.0
Clinton campaign releases parody ad for Trump University  #politics,neutral,0.0
RT   FBI was told to exonerate Hillary no matter what they found.,neutral,0.0
RT  Hillary the Pol  via ,neutral,0.0
Teachers' union endorses Clinton's 2016 presidential bid  #politics,neutral,0.0
"RT  Hillary Clinton, lying directly to Mike Pompeo.  Pompeo : ""yes ma'am, you're not supposed to have classified email on your‚Ä¶",positive,0.1
"Fortifying herself with wine, at the high-dollar fundraisers, state dinners, receptions.... Bye, #Hillary! ",neutral,0.0
RT  Bill Clinton's HUD Sec Cuomo - refusing to make mortgages to people who can't pay is racist.    ‚Ä¶,negative,-0.1
The Joe Biden-Hillary Clinton cold war  #politics,negative,-0.6
#PartyWentWrongWhen   I found my friends are Hillary's supporters. I lost all of 'em this night,neutral,0.0
RT     Megyn Kelly is a pathetic Loser just like her friend Crooked Hillaryüí©üí©‚ùóÔ∏è,negative,-0.5
RT  in case you had any doubts as to which candidate is completely owned by Wall Street #CrookedHILLARY #ImNotWithHer https‚Ä¶,positive,0.1
RT  Any Clinton donor #MustBeBanned,neutral,0.0
"Server erased, Clintons lawyer writes",neutral,0.0
#politics Clinton meets with #BlackLivesMatter protesters,neutral,0.0
RT  Oprah is backing Clinton for president  via  # yeah #IAmWithHer,neutral,0.0
RT  Hillary Clinton calls for sweeping expansion of voter registration ,neutral,0.0
"Former Haitian Senate President: ""The Clintons are common thieves who should be in jail""   #gettysburg   ",negative,-0.13333333333333333
O‚ÄôMalley Campaign Rips Hillary Clinton on Unaccompanied Minors  #politics,neutral,0.0
"RT  BREAKING: Newspaper that endorsed Clinton, still butthurt  ",neutral,0.0
America is under the biggest threat of terrorism.. Meanwhile Hillary plotting new attacks with her Saudi Masters! ,positive,0.17045454545454544
"""Hillary Clinton is the most dishonest candidate for POTUS since Richard Nixon.‚Äù ~  ",positive,0.1
RT   #CrookedHillary 's Campaign committing Bank Fraud to Elect a Fraud. üêÄüí∞üí∞üí∞üí∞üí∞  ,positive,0.8
RT  #RejectedDebateTopics anything potentially critical of Hillary Clinton. ,neutral,0.0
"Trump, Clinton press closer to general election showdown  #news",positive,0.05000000000000002
RT  Rewind: When Hillary Threw the 'Vast Right-Wing Conspiracy' Grenade ,neutral,0.0
Why do evangelicals prefer Donald Trump to Hillary Clinton? ,neutral,0.0
RT  #ZombieHillary is trending. Amazing ,positive,0.6000000000000001
Why won't  #Maddow &amp;  report the fact that Hillary stole $6Billion in donations made to the Haitians???? ,neutral,0.0
You want to know what white privilege is? Look at the Clinton family starting with Chelsea Clinton. #IndictHillary ,neutral,0.0
"""Hillary haven't just made money off rich people; they've also figured out how to make money off the poorest of the poor"" ~  ",negative,-0.012500000000000011
"RT  On the brightside, if hillary does get the presidency, she'll be sitting at the same desk Monica squatted under.",neutral,0.0
RT  Donna Brazile finally admits she shared debate questions with Clinton campaign  ,neutral,0.0
RT  The Who‚Äôs Roger Daltry says a ‚ÄúDead Dog‚Äù Could have Beaten Hillary Clinton ,negative,-0.2
  Hillary and Obama for prison!,neutral,0.0
RT  Monmouth U poll echoes NBC/WSJ. Big Clinton lead  Clinton 50 Trump 38,neutral,0.0
"RT  LOCK HER UP‚ÄîGregg Jarrett:  ""Hillary Can Now Be Charged W/ 13 Crimes ‚öñÔ∏è ‚ÄîRacketeering Anti-Corruption, Espionage ETC h‚Ä¶",neutral,0.0
RT  Credit Oregon with¬†Hillary Clinton's Plan to Expand Voting Rights via #bloomberg ,neutral,0.0
"Clinton, Trump trade insults  #politics",neutral,0.0
"RT  Okay, let's see. At a rate of gaining one per day, Hillary will have caught up to Trump in 63 years.  She's almost ther‚Ä¶",positive,0.5
RT  Vote Fraud in Michigan: Votes in heavily pro-Clinton areas counted twice..  ,negative,-0.2
#ThingsMoreTrustedThanHillary Amazon,neutral,0.0
RT  What The Hillary Camp Did ONE Day After Benghazi Hearing Has Been Exposed- Prepare To Be LIVID  via‚Ä¶,neutral,0.0
RT  #Hillary #Clinton crucified Bill's #rape #victims discredit &amp; destroy #women who reported Bill's sexual assaults  #HRC defendd‚Ä¶,positive,0.15
"RT  ""Hillary Clinton's loss is Hillary Clinton's fault""  ",neutral,0.0
"RT  Megyn Kelly is Supporting Hillary Clinton for President, Civil War at Fox News #MeganKelly   ",positive,0.25
RT   1 count that he did hundreds of times.  He won't go to jail.  He's Hillary's buddy.,negative,-0.1
#Clinton memo: Pressed about the ‚Äòdeplorables‚Äô comment? Accuse the media of a double standard. ,neutral,0.0
"OBAMA,HILLARY,THE DEMOCOMMIES ALWAYS HIT ON COMMON SENSE GUN LAWS.WANT TO RESTRICT IT TO ONLY THE ELITIST AND SPECIAL ONES.JUST LIKE NAZIS!",positive,0.04880952380952382
RT  Corrupt #FBIDirector Comey admitted Hillary was guilty and didn't prosecute. He should have been fired a long time ago. #Than‚Ä¶,negative,-0.35000000000000003
RT  #Trump says he doesn‚Äôt see how #Hillary can run a credible campaign after comments she made about his supporters. https‚Ä¶,positive,0.4
This is why I don't watch TV #CNN #Hillary ,neutral,0.0
This is huge! Pro-Clinton group Fusion GPS  was reportedly behind Russian dossier on Trump. ,positive,0.03333333333333336
"RT  #HillaryPickUpLines Hey I just met you, this is crazy but want to know what's crazier? I cried Lewinsky scandal was right wing‚Ä¶",negative,-0.15714285714285714
RT  Who else is DONE being manipulated? -VJ #HillarysHealth ,neutral,0.0
"As Trump makes unprecedented gains with African-American voters, Team Hillary decides on extreme makeover ",positive,0.2375
RT  Wasserman Schultz: Hillary Using 'Her Overwhelming Popularity' to 'Advance the Dialogue' ,positive,0.5
"Email woes persisting, Clinton camp reassures backers  #politics",neutral,0.0
RT  This is the most fun Crooked Hillary is going to have because the next batch of Wikileak Emails are on its way,positive,0.2
#HillaryPickUpLines Which Hillary do you want? I can be anyone,neutral,0.0
RT  #ThingsMoreTrustedThanHillary Michael Moore with the doughnuts! ( one please) ,neutral,0.0
"RT  BREAKING NEWS: Clinton campaign, DNC paid for research that led to Russia dossier ",neutral,0.0
"RT  . ""performed"" is right. Hillary recited memorized flash cards to a passable level and Trump acted less insane than‚Ä¶",negative,-0.29365079365079366
GOP and their anti-Trump BS are pushing voters towards Hillary. Every vote against Trump = the vote 4 Clinton! #W4G ,neutral,0.0
RT  Shady With a Chance of Concussion  #HillaryChildrensBooks,negative,-0.25
"RT  6 piles of stories as prep for the Aftershow at  8pm EDt - Hillary, Trump, Obamacare, Education, D‚Ä¶",neutral,0.0
RT  #WhyIWouldMakeAGreatPresident I'm not Hillary and I'm not Jeb. Enough? ,neutral,0.0
RT  ‚Äò#Trump a loose cannon &amp; #Clinton beating the war drums against #Russia‚Äô ‚Äì  [VIDEO] #ElectionDay #GreenPartyUS‚Ä¶,negative,-0.07692307692307693
Happy National Don't Vote for Hillary day #Trump2k16 #TrumpForPresident,positive,0.8
RT  Trump and Clinton #ThingsThatShouldBeCensored,neutral,0.0
RT  Defund Hillary Clinton Planned Parenthood Baby Chop Shop:  - #DefundPP American Thinker  https:/‚Ä¶,neutral,0.0
RT  SERIOUSLY!! After that farce of an investigation into Hillary I didn‚Äôt think lying to the FBI was a big deal anymore. Dir‚Ä¶,negative,-0.3069444444444444
RT  Hillary's Erratic Seizures Should Give Voters Pause - Watch This Video!  #NeverHillary #VoteTru‚Ä¶,negative,-0.0625
RT  Peaceful Loving Liberal Hillary Supporters Make 4000 Threats To This Elector Daily #TuesdayMotivation #MAGA #ElectionTampering‚Ä¶,positive,0.2833333333333333
Hillary Clinton weighs in on Iran letter. . .again  #politics,neutral,0.0
"RT  ICYMI: Hillary Clinton to Fundraise with ‚ÄúAnti-Christ‚Äù (No, not Obama a different one) ",neutral,0.0
RT  Trump-Clinton Election Campaign to Get #HBO Miniseries Treatment  via  ,neutral,0.0
#politics Hillary Clinton says she doesn't like carrying 2 phones,neutral,0.0
No more corrupt politicians. Clintons must be the first to jail next to Obama #RiggedSystem ,negative,-0.12
Obama was an unknown one could hang their hopes on. Hillary is too well known to have hope.   ,negative,-0.1
Hillary chained #MakeAMovieHillary,neutral,0.0
Trump quietly helped this marine left by Obama &amp; Hillary to rot in Mexican prison for 214 Days! #Trump2016  #Vets ,neutral,0.0
RT  My Contribution To #MuslimAwarenessMonth  Here's A LOOK At Our Future W Hillaryüëâ Muslims Firebomb Bus In Paris ,neutral,0.0
RT  Clinton Foundation refiles tax returns ,neutral,0.0
RT  ‚ÄòIt‚Äôs Bad‚Äô: Clinton Campaign Chatters About Hillary‚Äôs Relationship With Al Gore  #WikiLeaks #Podest‚Ä¶,negative,-0.6999999999999998
RT  #Bombshell New Details Destroy #Republican Hopes In #FBI #Clinton #Email Investigation ,negative,-0.03181818181818183
"RT  After Sanders folds in SC &amp; FBI wraps up Hillary's criminal case, the Dems won't have a viable candidate. (Bloomberg?)",negative,-0.4
RT  List of Islamist Nations Who Gave Hillary $143 million in August Alone is Unreal   ,neutral,0.0
RT  Take your wife and get out of our country #ReleaseClintonsMedicalRecords ,neutral,0.0
#HillarySoQualifed that every corrupt 'journalist' supports her. ,negative,-0.5
AP count: Clinton has delegates to win Democratic nomination  #politics,positive,0.8
"RT  JUST BECAUSE HILLARY DIES DOESN'T MEAN SHE STILL CAN'T VOTE FOR HERSELF ... I MEAN, SHE IS A DEMOCRAT. :/",negative,-0.2916666666666667
RT  DON'T TRUST POLLS  Hillary listened to polls  #Trump listened to PEOPLE  Who's President?   #MAGA‚Ä¶,neutral,0.0
RT  Hillary‚Äôs Veterans Health Hypocrisy! #SinglePayerSunday #MedicareForAll #JillNotHill  via ,neutral,0.0
"Clinton calls IS killings of Christians, Yazidis ‚Äògenocide‚Äô  #news",neutral,0.0
GOP says Clinton dividing Americans over voting rights  #politics,neutral,0.0
#TopNews Democrat raps Benghazi panel on Clinton aide questioning,neutral,0.0
"RT  When the left says Putin ""rigged"" the election they mean that incriminating facts about Hillary's corruption were provide‚Ä¶",negative,-0.15625
WikiLeaks #DNCLeaks confirms something we all know: system is totally rigged! #NeverHillary ,neutral,0.0
RT  Gang debate. Glenn McCoy cartoon #TCOT #LNYHBT #TGDN #OhHillNo #NEVERhillary #MAGA #TRUMP #TrumpPence16 ,neutral,0.0
"RT  #HillaryPickUpLines if you're  a lady,and you're name isn't  Monica  , I'm down for what you want",negative,-0.15555555555555559
RT  So basically Comey confirmed today that  1. Hillary did plenty that they let her go for 2. Huma has no sense 3. Russia d‚Ä¶,positive,0.4
"#HillaryPickUpLines I think you know, that there are a lot of blow jobs in the Oval Office",neutral,0.0
Hillary: 'It‚Äôs pretty clear that it's time to move on.' Me: 'It's pretty clear that it's time to pay for #Benghazi' ,positive,0.17500000000000002
RT  1. Here is my response to Chelsea Clinton's statement about her father's sexual misdeeds,positive,0.5
RT  . CROOKED HILLARY'S PLAN IS IMPORT MUSLIMS FROM FRENLY PLACES LIKE SOMALIA (BLACK HAWK DOWN) INTO UR SCH‚Ä¶,negative,-0.10740740740740741
RT  üò±üò±üò±üò±üò±üò± WHAT A DEPLORABLE THING TO SAY HITLERY!!! #BasketOfDeplorables #WakeUpAmerica #NeverHillary ,negative,-1.0
RT  ‚ÄúMajor violation of Campaign Finance Laws and Money Laundering ‚Äì where is our Justice Department?‚Äù HILLARY CLINTON AGAIN NO‚Ä¶,positive,0.0625
RT  #HillaryChildrensBooks Black Like Me! ,negative,-0.20833333333333331
RT  Missing Clinton emails likely to raise new questions  #politics,negative,-0.02121212121212122
You had the biggest fraud ever in #CrookedHillary running and you guys treated her with kid gloves ,neutral,0.0
#politics Employees at company working with Clinton email server expressed concerns,neutral,0.0
RT  #ThingsMoreTrustedThanHillary A quadriplegic tattoo artist,neutral,0.0
RT  Cancer Of Corruption: Hillary‚Äôs Latest Speech - #crookedhillary #hillary2016,positive,0.5
RT  #ThingsMoreTrustedThanHillary Kim Jong Un,neutral,0.0
Clinton Aide Joel Benenson: Trump‚Äôs Unconventionality Has Had Media Off Guard  #politics,neutral,0.0
"RT  Hillary greeted by SOBBING fans spurs online weeping, but grownups had an entirely different reaction ",neutral,0.0
"RT  Crooked Hillary Clinton now blames everybody but herself, refuses to say she was a terrible candidate. Hits Facebook &amp;‚Ä¶",negative,-0.5
RT  #ThingsMoreTrustedThanHillary O.J. Simpson with a gun,neutral,0.0
Clinton Keeps Up Lead in NY: Poll  #politics,neutral,0.0
"RT  Hillary intel advisor: No collusion between Trump, Russia ",neutral,0.0
RT  Report: Comey Will Be Offered $10M for Trump-Clinton Tell-All Book | Fox News Insider ,neutral,0.0
Clinton police charge alleged Craigslist truck thief  #news,negative,-0.1
"RT  We can confirm Ecuador cut off Assange's internet access Saturday, 5pm GMT, shortly after publication of Clinton's Goldman S‚Ä¶",neutral,0.0
Immigrant raids divide Obama from Democrats and Clinton  #Texas,neutral,0.0
RT  CLINTON WELFARE: Chelsea Handed Job on Expedia Board on Silver Platter | American Update ,neutral,0.0
RT  There's something quite telling about a Grand Wizard endorsing Clinton if true: real recognize real where white supremacy is‚Ä¶,positive,0.25
"RT  #HillaryPickUpLines     ""Wanna come back to my place, &amp; rub fossil fuels all over my body?""",neutral,0.0
"Clinton backs Planned Parenthood, hails battle flag removal  #politics",neutral,0.0
You mean your with her to hell?  #LyinCrookedHillary #NeverHillary #TrumpPence2016 ,negative,-0.3125
John Bolton: Hillary's a Threat to USA Security. Can't Protect Her Own Emails Much Less USA  ,positive,0.21666666666666667
"Hillary rally in Coconut Creek is just pathetic..   Her supporters have no energy, zero!  #TrumpAHorrorMovie ",negative,-1.0
RT  Fake news by Alt-Left MSM squares w/ their fake polling data on Hillary's big win!   #USAüá∫üá∏https‚Ä¶,neutral,0.0
Should we beware of politicians that makeup symbols to represent themselves? #Hillary2016 #Obama   ,neutral,0.0
#ThingsMoreTrustedThanHillary Donald Trump therapist,neutral,0.0
"FACT CHECK: Trump, Clinton and their final debate claims ",neutral,0.0
RT  Hillary Clinton: Donald Trump‚Äôs Veterans Press Conference ‚ÄòDisgraceful‚Äô - Breitbart ,neutral,0.0
Kill Bill #MakeAMovieHillary ,neutral,0.0
Criminal inquiry into handling of Clinton emails requested  #entertainment,negative,-0.4
RT  I am aware of many Republicans who have endorsed Clinton. Can't name one Democrat who has done the same for Trump.   #Elec‚Ä¶,positive,0.25
Funny that Hillary said big powerful use govt to their advantageafter Sanders said he used the government to his advantage #DemDebate,positive,0.18333333333333335
RT  .  yes I'm sure  Hillary Clinton ALWAYS keeps Pepper Spray 4 those Super Predators that need 2‚Ä¶,positive,0.41666666666666663
"RT  #JamesComey: nobody tells us what to do  Except when Loretta Lynch said to call the Hillary Clinton investigation ""a matte‚Ä¶",neutral,0.0
RT  One thing she won't sleep through...#ValiumHillary ,neutral,0.0
"RT  Hillary, your flying monkeys cannot save you now. Drop out for America's sake. #PodestaEmails28 ",neutral,0.0
RT  Rick Perry hits back at Hillary Clinton over voter ID via #Washingtimes ,neutral,0.0
Choosing between Hillary and Bernie is an easy choice 4 me.  ,positive,0.43333333333333335
RT if you think Hillary must publish her medical record #Trump ,neutral,0.0
RT  Hillary Clinton Would Be The Ultimate Special Interest Candidate  via ,positive,0.17857142857142858
RT  ROUND UP THE DEPLORABLES  #BasketOfDeplorables #CrookedHillary  #MAGA #NeverHillary #AmericaFirst  #ImWithYou ,negative,-0.2
"RT  The most terrifying line of the night: ""Hillary wants to put Barack Obama on the Supreme Court"" -Rubio. #GOPDebate",negative,-0.09999999999999999
"#news #Chicago Former President Bill Clinton To Attend Inauguration For Mayor Emanuel, Aldermen",neutral,0.0
The Incredible Hillk #MakeAMovieHillary ,positive,0.9
Clinton campaign raises $28M; Sanders trails at $24M  #politics,neutral,0.0
"Obamas, Clintons set to join Joe Biden at son's funeral  #politics",neutral,0.0
RT  Hillary demands answers &amp; Democrats call foul as FBI reopens email investigation - ¬†  via ,neutral,0.0
RT  #IfHillaryBecomesPresident uncle Phill would be a happy bunny ,positive,0.8
#CrookedHillary has more security on her book tour than she provided to our diplomats in #Benghazi! ,positive,0.625
"RT  üí•Flashback: Bill Clinton Calling #Obamacare ""The craziest healthcare system in the world"".  Sometimes he is right.. htt‚Ä¶",positive,0.2857142857142857
RT  FEC Complaint Accuses Clinton Campaign of Illegally Coordinating With David Brock Super PAC #crookedhillary #imwith‚Ä¶ htt‚Ä¶,negative,-0.15555555555555559
#AddHillaryToAnything little party never killed nobody ,negative,-0.04375
RT  Andrea Mitchell Hits Clinton for Election Excuses: What About ‚ÄòFailing to Have a Better Message?‚Äô ,positive,0.5
7 ways Trump and Republicans will take out Clinton ,neutral,0.0
RT  Pollster: Clinton leads in 5 battleground states  ,neutral,0.0
Top Obama backer says he'll support Clinton  #politics,positive,0.5
"Donald Trump: ""The Clintons are criminals, remember that... Honestly, she should be locked up.""  #FlashbackFriday #TrumpTrain ",positive,0.6
Real Women have presidency #MakeAMovieHillary,positive,0.2
Trump on Clinton's guards: 'Take their guns away'  #politics |  ,neutral,0.0
"Poll: Clinton leads in Florida, faces trust questions #2016Election",neutral,0.0
"Clinton: No troops in Syria, even if attack on US soil  #politics",neutral,0.0
RT  #INeedALawyerBecause Hillary stole all my lame excuses ,negative,-0.5
12 years a slave #MakeAMovieHillary ,neutral,0.0
RT  #Obama running against #Hillary in 2008 sharply pointing out she was strongly aligned with a failed #NAFTA. ,negative,-0.0638888888888889
RT  Hillary wants no fly zone? Why she not make it on her face? ,negative,-0.1
"Police spray man with over 140 bullets in Clinton, North Carolina WARNING: VIOLENT CONTENT #BTP #CopsLoveToKill ",negative,-0.8
#politics Clinton to pitch spending $350B on infrastructure on Sunday,neutral,0.0
RT  Crooked Horrible Hillary &amp; Her Phony Dossier   via  #MAGA  #Tru‚Ä¶,negative,-0.5
Foke Hillary Clinton scores decisive win against Donald Trump in first snap polls  #Foke,positive,0.525
". ""Americans are tired of the #Clintons; tired of what they do, what they say."" ",negative,-0.4
"RT  To borrow a phrase from Clinton, Trump has started a national conversation on European history.  ",neutral,0.0
RT  #ThingsMoreTrustedThanHillary Trump's plan for arming Saudi Arabia with nuclear weapons?,neutral,0.0
RT  Clinton &amp; Trump voters unwittingly choose oligarchy over democracy. Bernie warned them. Their ignorance will hurt all Americ‚Ä¶,neutral,0.0
RT  #BREAKING: Protestors outside of DNC are about to try to make a citizens arrest of Hillary Clinton.  No this isn't a joke.,negative,-0.025
"RT  If they bring charges against Hillary, the #antifa thugs will burn down liberal democrat cities.  #schadenfreude",negative,-0.15555555555555559
RT    hillary we have clips or jack trapper with Blumenthal and you in 2008 talking about birth of Obama,neutral,0.0
RT  Hillary: ‚ÄúI'm not even a human being‚Äù  ,neutral,0.0
Trump Advisor: Clinton Treasonous  #politics,neutral,0.0
RT  #IfHillaryBecomesPresident i can finally send a dick pick to a President,neutral,0.0
RT  ABC Guest Reveals: George Stephanopoulos and Hillary Clinton Related? ,neutral,0.0
RT  CNN's Jake Tapper Edits out Hillary Clinton's 'Bombings' Remark ,neutral,0.0
Clinton and Sanders spar over immigration in Univision debate  #politics,neutral,0.0
RT  Clinton logic. #BringBernieBack ,neutral,0.0
"RT  Clinton World: Criticism of Bill ""mind-boggling""  ",positive,0.5
Hillary is the first candidate in American history to be labeled a threat by American troops. ,positive,0.08333333333333333
Hillary Clinton to tackle Obamacare  #health,neutral,0.0
 It's a fight. #HillaryForPrison2016 #TrumpForPresident ,neutral,0.0
RT  What is #Trumps  greatest accomplishments to date: 1Ô∏è‚É£Saving the Supreme Court 2Ô∏è‚É£He's not Hillary Clinton 3Ô∏è‚É£D‚Ä¶,positive,1.0
"Flashback to 2008:  Michelle Obama slams Hillary as ""Unfit for the White House""    #Debate ",neutral,0.0
"f you post a #Podestaemails35 link, tag it with a pro-Hillary tag so #CorruptHillary voters will see it too. #TrumpForPresident",neutral,0.0
#politics Hillary Clinton unveils tech agenda,neutral,0.0
#Hillary ‚ÄúWe‚Äôre going to put a lot of coal miners and coal companies out of business.‚Äù !?!  ,neutral,0.0
#politics Bill Clinton urges Muslim leaders ‚Äòto do more‚Äô,positive,0.5
RT  No shit! Now that it‚Äôs ALL out in the open easy to say! #Clinton ally Gillibrand says Bill should've resigned over #Le‚Ä¶,positive,0.22222222222222224
"RT  America, Obama &amp; Hillary are LYING to us about Muslims. Watch this video by a Muslim woman for the real numbers. ",positive,0.2
RT  Larry Sanders slams #Clinton campaign for treatment of his brother #BernieSanders #DNC to lose voters ,neutral,0.0
RT  Here's what's going to happen in the next 10 seconds...  Hillary's bus will stop and dump human waste all over the place  #WhatI‚Ä¶,negative,-0.06666666666666667
#politics Walker jabs Clintons over foundation claims,neutral,0.0
"RT  WeeksMostReadColumn-The most crucial, least-discussed campaign issue for #Trump and #Clinton (Not what you'd think)  https:/‚Ä¶",positive,0.25
"#DemnDebate Most Indiana, Michigan superdelegates support Clinton",positive,0.5
"RT  Saw 2 stickers on a car today. ""Ready for Hillary"" and ""I üíô Obamacare"" might be the dumbest person with a drivers licens‚Ä¶",positive,0.2
"RT  Oh, you tiresome pedo rapist, just lie down and be quiet. #ClintonSlimeFamily  ",negative,-0.21851851851851853
RT  Hillary as gangster &amp; head of a crime syndicate? You heard it here first ,positive,0.25
#politics Public Advocate Letitia James endorses Hillary Clinton's run,neutral,0.0
RT  Hillary Forbids Young Supporters From Talking To The Press ‚Äì BB4SP ,positive,0.1
"RT   Yep! Comey has been a Clinton crony for a long time, as evidenced by this letter he wrote endorsing Eric‚Ä¶",negative,-0.05
I'd rather wait in line in the rain and vote trump than have Hillary #Hillary4Prison #TrumpForPresident,neutral,0.0
Zombie foundation #MakeAMovieHillary,neutral,0.0
Best cartoon so far #HillarysBigAnnouncement  ,positive,0.55
RT  Hillary Clinton 'couldn't recall' answers to FBI questions about secret server because of CONCUSSION #tcot  #p2 ,negative,-0.4
Turns out Clinton Foundation aids are just countries who just bought their way out of the terror list #PodestaEmails6 ,neutral,0.0
RT  I love watching  discuss Clinton scandals as a professional journalist. Really neat. ,positive,0.26666666666666666
RT  Thats why they should #LockHerUp. #Hillary taking donations in any form has #Corruption written all over it. Super Pacs the‚Ä¶,positive,0.3333333333333333
#LyinCrookedHillary wants to bring in 550% more Syrian refugees in our country.  We can't let it happen!  #NeverHillary,positive,0.4125
RT  This guy just endorsed Clinton. ,neutral,0.0
Waiting for the day when Wikileaks proves that Hillary Clinton managed a massive pedophile ring in Washington DC ,positive,0.15
RT  Clinton‚Äôs 2002 Senate vote to authorize an invasion of Iraq was the first big crack in her bond with the Dem base. https:/‚Ä¶,negative,-0.18333333333333335
Judge orders Hillary Clinton to answer questions and #WheresHillary started trending on twitter Considence? ,neutral,0.0
RT  The Nuclear Code Computer process says NO... that's not how it works #Hillary  #DEBATES #WIKILEAKS #SethRich ,neutral,0.0
RT  Pneumonia? Maybe. Maybe not. #Hillary is a proven liar. It's no longer a conspiracy theory if it actually happens. htt‚Ä¶,neutral,0.0
"Vladimir, why are you always so gloomy?' #WhatClintonWrites",neutral,0.0
RT  HIDING HILLARY: ALL THE WAYS SHE AVOIDS THE PRESS.  #tcot #pjnet #p2 ,neutral,0.0
RT  #ThingsMoreTrustedThanHillary Single motherhood. You can't screw up what's already been screwed once,negative,-0.07142857142857142
"RT  Hillary Clinton just slammed Donald Trump's finances: ""All his books seem to end at Chapter 11"" ",neutral,0.0
"Debate Takeaways: Gloves come off between Clinton, Sanders  #politics",neutral,0.0
"Hillary, Bill Clinton have earned $25 million in speaking fees since last year  #news",neutral,0.0
#politics Clinton's stubborn 75% chance finally dips following email revelations,neutral,0.0
RT  #HillaryClinton put this nation at risk by purposely disobeying the State Dept and lying about it. She should be in ja‚Ä¶,neutral,0.0
"RT  Clinton wins by 0.01%, Trump claims rigging, starts riot. #TrumpsFavoriteHeadline",positive,0.3
"I endorsed Hillary for a good reason I don't want to die from ""natural causes"" ",positive,0.39999999999999997
RT  Same people saying Comey was fired because Trump is hiding something saw nothing sketchy about Hillary deleting 33k emails.‚Ä¶,neutral,0.0
"#Trump: #Clinton has caused ""so many deaths. And you, mr.Trump, have caused so many laughs ",positive,0.5
U.S. ELECTION WRAP: Trump Slams Polls as Clinton Eyes Transition  #politics,neutral,0.0
Feel the difference? No sane man would ever support that old lady #Trump #HillaryForPrison2016  #killary ,positive,0.1
RT  GOP says Clinton dividing Americans over voting rights  #Texas,neutral,0.0
"RT  For the 1st EVER I'm going to have to agree w/BHO, Russia is a big threat thanks his SOS Hillary AND uranium-1 deal. htt‚Ä¶",positive,0.1
#Election2016 We will win and achieve a landslide victory #HillaryForPrison2016 #TrumpForPresident,positive,0.8
RT  Asking  to hold your stash. #ThingsMoreTrustedThanHillary,neutral,0.0
RT  Soros Prepares For Trump War Russia banned Soros bc he uses his money to foment riots. PodestaEmails show Hillary was behol‚Ä¶,neutral,0.0
#ThingsMoreTrustedThanHillary umpires,neutral,0.0
RT  Bill Clinton Shoots Down Republicans: 'I Strongly Supported' Obamacare  ,positive,0.13888888888888884
RT  Exciting opportunity  to join   and   on Mon for kickoff #LGBTforHillary  call. Sign up htt‚Ä¶,positive,0.3
"U.S. State Dept Releases 7,000 Hillary Clinton E-Mails: Politico  #politics",neutral,0.0
Let's defeat the Media's propaganda!  Spread this pic! #TrumpPence16  #NeverHillary ,negative,-0.15625
Here you can see liberal fake accounts at work. How much Hillary pays them? ,negative,-0.15
"RT  WE KNEW IT! Watch this video, it proves Hillary IS a robot  via  HILLARY ROBOT MONK‚Ä¶",positive,0.3
Bill Clinton stumps for Hillary  #politics,neutral,0.0
RT  National debt will make Trump or Clinton a 'lame duck' -  #PolicticalNews #ConservativeNews,negative,-0.5
RT  #TrumpsFavoriteHeadline  AFTER HUGE LOSS TO CLINTON NBC OFFERS CELEBRITY APPRENTICE BACK TO TRUMP,positive,0.1666666666666667
RT  Congratulations Hillary Clinton you are the 1st candidate with the most faithless electors in 100+ yrs #ElectoralCollege #Hil‚Ä¶,positive,0.5
Have you ever seen Hillary's lawn signs?! ,neutral,0.0
RT  IT'S A FACT! --&gt; Hillary‚Äôs FOREIGN Government Donors Meddled in our Election By Donating to Clinton‚Äôs Foundation ,negative,-0.125
RT  POP QUIZ! Which one of these girls had their dress paid for by the Clinton Foundation?  ,neutral,0.0
Jennifer Lopez and Marc Anthony join up in #Miami for a #HillaryClinton concert ,neutral,0.0
NBA owner Mark Cuban willing to join Hillary Clinton on Democratic ticket  #sports,positive,0.25
RT  #ICelebrateTrumpWith joy for #Libertarian gains and a lack of #Hillary,positive,0.8
RT  Probe of Hillary Clinton's server could find more than just emails: A forensic examination of Hillar... ,positive,0.5
"RT  Trump fires back at Clinton over Muslim ban: ""Ask Hillary who blew up the plane last night""  ",neutral,0.0
RT  BREAKING : FORMER HAITIAN Senate President Drops CLINTON BOMBSHELL Exposing Unbelievable Corruption At Trump Event ,negative,-0.125
RT  #ThingsMoreTrustedThanHillary safe space,positive,0.5
RT  Imagine if Hillary'd won the electoral &amp; Trump the popular vote: Trump's dirt dumb bigot base would be burning down Americ‚Ä¶,negative,-0.1826388888888889
"RT  Chuck Todd Admits Media Ignored Stories, Avoided Criticism of Hillary Clinton in Election Coverage ",neutral,0.0
"#SanJose Hillary Clinton to Campaign in Vallejo, Sacramento on Sunday",neutral,0.0
#GiftIdeasForPoliticians a good camera for Hillary to take selfies in the woods,positive,0.7
PLEASE READ THIS. Hillary for prison 2k16. ,neutral,0.0
Clinton Spokesman Brian Fallon on Hillary‚Äôs Economic Message  #politics,positive,0.2
"RT  The entire premise of #Russiagate was that Putin somehow ""hated"" Hillary.  Why would he hate Hillary?  She sold control of‚Ä¶",negative,-0.5666666666666668
"Come on Trump, put Hilary in her place #HillaryForPrison2016 #MakeAmericaGreatAgain #TrumpForPresident",neutral,0.0
I cannot believe 42  think Hillary is trust worthy. Please pay attention to issues. Obama's Clinton lie that's bad  ,negative,-0.18333333333333326
What Trump And Clinton Must Do To Win The Debates  |  ,positive,0.8
RT  Chelsea Clinton: It doesn't make sense to me that people don't trust my mom  via ,neutral,0.0
RT  Who's looking into the Clinton Foundation? ,neutral,0.0
RT  These past days of Obama literally picking up Hillary's entire campaign and neglecting his responsibilities as Presiden‚Ä¶,negative,-0.125
"#politics Sen. Rand Paul unveils fake Hillary Clinton, Jeb Bush tape",negative,-0.5
RT  Tom Cotton NUKES Clinton Foundation: ‚ÄòLargest Money Laundering‚Ä¶ Operation In The World‚Äô [AUDIO] ,neutral,0.0
Mr and Mrs Clinton #MakeAMovieRude ,neutral,0.0
RT  HILLARY CAMPAIGN SPIN MACHINE: ‚ÄúEveryone‚Äôs Been Sick‚Äù - ,negative,-0.7142857142857143
RT  Says the guy who supports . offering blow jobs for Hillary votes and threatening to blow up the White House. Yeah‚Ä¶,neutral,0.0
"RT  New Hillary formula, nope! Changes her stripes when speaking to her labeled identity groups! Same old politician! Lies!‚Ä¶",positive,0.11268939393939392
Hillary Doesn‚Äôt Deserve Black Votes  #HillaryClinton #Elections2016 #BlackMattersUS #racism ,negative,-0.16666666666666666
"While supporting police in Chicago gets you ostracized, Obama and Hillary once honored a former KKK member and nothing happened  #Hypocrites ",positive,0.125
"RT  On #DAPL  Trump: silent Obama: silent Clinton: silent Warren: silent Est. Dems: silent GOP: silent  Bernie: ""this is comple‚Ä¶",neutral,0.0
Don't tell me bout #Hillary,neutral,0.0
RT  #HillaryChildrensBooks Are You My Baby Mama? ,neutral,0.0
RT  Hispanic's r MUCH smarter than Hillary gives them credit. Same goes 4 black Americans. ,positive,0.011111111111111118
"Take a look at how Hillary think of us, our issues &amp; Bernie. We hve absolutely NOTHING in common with such... ",negative,-0.033333333333333326
RT  Are you voting for Hillary? üëá NO! They're going to stay home or vote for Trump! üëè #MAGA #RedNationRising ,neutral,0.0
RT  Hillary Coup Attempting To Steal Presidency From Trump On December 19th Or January 6th - ,neutral,0.0
RT   YET #HillaryClinton #OBAMA = #ShariaLaw &amp; LOSS OF #FreeSpeech --&gt;  http‚Ä¶,neutral,0.0
GOP lawmaker: FBI gave immunity to top Clinton aide ,positive,0.5
RT  Here's more evidence that Team #Hillary was given heads ups by the New York Times... but the media isn't biased you gu‚Ä¶,positive,0.3181818181818182
Clinton: 'I don't respond' to Trump insults  #politics,neutral,0.0
Benghazi chairman: State Dept. blocking Clinton testimony  #politics,neutral,0.0
Most MI superdelegates back Clinton #DemnDebate,positive,0.25
RT  Man Who Leaked Clinton‚Äôs Medical Records Found Dead  via ,negative,-0.1
RT  I think we‚Äôre going to find out DOJ and FBI were ruined under the Obama admin and ruined to protect Mrs. Clinton. ,neutral,0.0
"RT  Jim is a WW2 vet and longtime  supporter. ""Volunteering is in my genes.""  #Hillary2016 ",neutral,0.0
"RT  Donna Shalala: Clinton Foundation President, Member of the Board of Gannett which owns USA TODAY!!  ",neutral,0.0
"RT  Let me get this straight: Clinton campaigning on a no-fly zone in Syria that would entail shooting down Russian planes, but Tru‚Ä¶",positive,0.014814814814814808
RT   FBI Director Comey fired!  Now it's time to indict:  Hillary Clinton Susan Rice Huma Abedin Loretta Lynch BHO Feins‚Ä¶,neutral,0.0
Second shot: Hillary Clinton running again for president  #money,neutral,0.0
RT   DOUBLE STANDARD! There's crusty crooked Hillary and then there's the rest of us deplorables! ,neutral,0.0
RT  Most Attendees Of Hillary Speech To College Students ‚ÄòIn Their 50s Or 60s‚Äô  via ,positive,0.5
The Latest: Clinton camp says Sanders can't catch up  #politics,positive,0.5
RT  I had forgot Bill Clinton made a country record until I came across this old album cover. Still Dickin' Bimbos!  https‚Ä¶,positive,0.125
RT  #sethrich leaked the DNC emails. Not Russia.  Is it that hard to understand?  #ClintonBodyCountüéØ ,negative,-0.2916666666666667
"RT  No one has hurt the integrity of the FBI and himself more than James Comey himself, with the way he handled the Hillary Clint‚Ä¶",positive,0.5
"RT  He's setting the stage for a ""2nd amendment"" solution by his White Supremacist friends. He will not concede to Hillary‚Ä¶",neutral,0.0
RT  'Dilbert' creator Scott Adams says he was targeted by Clinton supporters for Trump endorsement  h‚Ä¶,neutral,0.0
RT  How can #ZombieHillary be ready for the 3 am phone call when she couldn't handle one at 11 pm? ,positive,0.2
RT  Where was our President over the weekend? Oh here he is...dinning with our enemies  #Trump  #Hillary  #Muslim ,neutral,0.0
RT  Under Intense Pressure to Silence  #HillaryClinton Proposed Drone Strike on Julian Assange #Wikileaks RT ht‚Ä¶,positive,0.2
#Politico #Politics How Clinton plans to bounce back in New Hampshire: Bernie Sanders might g...  #UniteBlue #Tcot,positive,0.06818181818181818
"RT  Clinton Seeks Pentagon, State Contracts for Chelsea‚Äôs Pal  #MAGA #TrumpPence16 #AmericaFirst #TrumpTra‚Ä¶",neutral,0.0
RT  #obamaswishlist  That the Clinton campaign would quit calling every 10 minutes.,neutral,0.0
RT  Scarborough: There are a Lot of Questions Hillary Can't and Won't Answer via #TruthRevolt ,neutral,0.0
RT  BREAKING:  Hillary Just Announced  She‚Äôs Leaving U.S. To Be  President ‚Äì...  via  ,neutral,0.0
"RT  Mother of #Benghazi Victim: '#Hillary Is a Liar,' 'I Would Like To See Hillary In Stripes' #BadMonsterMovies  ",negative,-0.07500000000000001
RT    Obama now gone America will find many illegal issues he committed for he own benefit and Hillary's‚Ä¶,positive,0.19999999999999998
"#Hillary should be behind bars, not behind a microphone during #DemnDebate",negative,-0.1
Donald Trump opens new line of attack on Hillary Clinton: her marriage  ,positive,0.13636363636363635
Comey's testimony timeline w/Hillary Email Investigation appears to  contradict w/newly released documents.  Comey not a credible witness. ,negative,-0.2
"Brazil's president, Dilma Rousseff, was impeached after endless corruption. Here's what Hillary thinks of her. ",negative,-0.125
RT  Tim Kaine was the beginning of the end for Crooked Hillary !! What a grubby lil man ..... Won't be seeing him re-elect‚Ä¶,neutral,0.0
